Workbook

Sheet Trang_Bia
B2: TRƯỜNG ĐẠI HỌC KHOA HỌC TỰ NHIÊN – KHOA ĐỊA CHẤT
B3: BỘ MÔN ĐỊA CHẤT CÔNG TRÌNH - ĐỊA CHẤT THỦY VĂN
B5: BẢNG TÍNH KỸ THUẬT DỰ BÁO LÚN NỀN ĐẮP & THIẾT KẾ BẤC THẤM (PVD)
B6: CHUYÊN ĐỀ BÁO CÁO NHÓM 1 — CHƯƠNG 3 (HỌC PHẦN CƠ HỌC ĐẤT GEO20202)
B8: Tên dự án: | C8: Dự báo lún và tiến trình cố kết nền đường đầu cầu đắp trên bùn sét dày 15m
B9: Tải trọng đắp: | C9: Chiều cao đắp H = 3.0 m, dung trọng đất đắp gamma = 19.0 kN/m3 -> Tải trọng q = 57.0 kPa
B10: Bề rộng nền đường: | C10: Đỉnh đường B = 12.0 m, Mái dốc m = 1:1.5 -> Đáy nền b = 21.0 m
B11: Địa tầng đất yếu: | C11: Tầng bùn sét bão hòa dày H = 15.0 m, MNN ở độ sâu 1.0 m (Thoát nước 2 phía: Hdr = 7.5 m)
B12: Thành viên nhóm: | C12: SV1 (Trưởng nhóm), SV2 (Kỹ sư Dữ liệu), SV3 (Kỹ sư Tính toán), SV4 (Báo cáo & Thuyết trình)
B13: Giảng viên phụ trách: | C13: Đinh Quốc Tuấn, Đỗ Ngọc Thanh (thực hành); Hồ Thu Hiền (lý thuyết)
B14: Ngày hoàn thành: | C14: Học kỳ I - Năm học 2026 - 2027
B17: CÁC SHEET TÍNH TOÁN TRONG BẢNG TÍNH:
B19: 1. Trang_Bia | C19: Thông tin chung dự án, thông số hình học và pháp lý
B20: 2. Du_Lieu_Goc_PTN | C20: Dữ liệu thô thí nghiệm nén cố kết và chỉ tiêu cơ lý 6 phiếu tại PTN
B21: 3. Phan_Bo_Ung_Suat | C21: Tính ứng suất bản thân có hiệu và gia tăng ứng suất hình thang qua 10 phân lớp
B22: 4. Tinh_Lun_Cc_Cr_TCVN | C22: Tính toán độ lún cố kết cuối cùng theo Cc, Cr (OCR) và mô đun E0 TCVN 9362:2012
B23: 5. Tien_Trinh_Lun_PVD | C23: Dự báo tiến trình lún tự nhiên theo Terzaghi và gia tốc cố kết bằng bấc thấm PVD

Sheet Du_Lieu_Goc_PTN
B2: BẢNG TỔNG HỢP CHỈ TIÊU CƠ LÝ VÀ SỐ LIỆU THÍ NGHIỆM NÉN CỐ KẾT (TỪ 06 PHIẾU PTN)
B4: STT | C4: Chỉ tiêu thí nghiệm | D4: Ký hiệu | E4: Giá trị | F4: Đơn vị | G4: Tiêu chuẩn / Ghi chú
B5: 1 | C5: Khối lượng thể tích tự nhiên | D5: gamma | E5: 15.8 | F5: kN/m3 | G5: TCVN 4197:2012 - Dao vòng
B6: 2 | C6: Khối lượng riêng của hạt | D6: rho_s | E6: 2.68 | F6: g/cm3 | G6: TCVN 4195:2012 - Bình tỷ trọng
B7: 3 | C7: Độ ẩm tự nhiên | D7: w | E7: 58.5 | F7: % | G7: TCVN 4196:2012 - Sấy khô
B8: 4 | C8: Giới hạn chảy | D8: w_L | E8: 62.4 | F8: % | G8: TCVN 4197:2012 - Quả dọi Casagrande
B9: 5 | C9: Giới hạn dẻo | D9: w_P | E9: 29.1 | F9: % | G9: TCVN 4197:2012 - Lăn que đất
B10: 6 | C10: Chỉ số dẻo | D10: I_P | E10: =E8-E9 | F10: % | G10: Đất sét dẻo cao
B11: 7 | C11: Hệ số rỗng ban đầu | D11: e_0 | E11: 1.62 | F11: - | G11: Xác định từ gamma, rho_s, w
B12: 8 | C12: Áp lực tiền cố kết | D12: p_c | E12: 42 | F12: kPa | G12: Đồ họa Casagrande từ đường e - log p
B13: 9 | C13: Chỉ số nén lún | D13: C_c | E13: 0.58 | F13: - | G13: Độ dốc đoạn nén nguyên sinh
B14: 10 | C14: Chỉ số nén lại (nở) | D14: C_r | E14: 0.065 | F14: - | G14: Độ dốc đoạn nén lại / dỡ tải
B15: 11 | C15: Hệ số cố kết đứng | D15: c_v | E15: 0.000185 | F15: cm2/s | G15: Phương pháp Taylor căn t
B16: 12 | C16: Hệ số cố kết quy đổi | D16: c_v_nam | E16: =E15*86400*365.25/10000 | F16: m2/năm | G16: 1 cm²/s = 3155,76 m²/năm
B17: 13 | C17: Hệ số cố kết ngang | D17: c_h | E17: =E16*2.0 | F17: m2/năm | G17: Đất sét trầm tích ch = 2*cv
B18: 14 | C18: Mô đun biến dạng TB | D18: E_0 | E18: 2.45 | F18: MPa | G18: TCVN 9362:2012 ứng với cấp p

Sheet Phan_Bo_Ung_Suat
B2: PHÂN BỐ ỨNG SUẤT BẢN THÂN VÀ GIA TĂNG ỨNG SUẤT THẲNG ĐỨNG QUA 10 PHÂN LỚP
B4: Lớp | C4: Độ sâu đáy (m) | D4: Chiều dày hi (m) | E4: Độ sâu tâm zi (m) | F4: gamma (kN/m3) | G4: sigma'v0i (kPa) | H4: delta_sigma_zi (kPa) | I4: sigma'vi_tong (kPa) | J4: Trạng thái OCR
B5: 1 | C5: 1.5 | D5: 1.5 | E5: 0.75 | F5: 15.8 | G5: =MIN(E5,1.0)*F5+MAX(E5-1.0,0)*(F5-9.81) | H5: =57.0 * 21.0 / (21.0 + E5) | I5: =G5+H5 | J5: =IF(G5<Du_Lieu_Goc_PTN!$E$12, "OC (Quá cố kết)", "NC (Cố kết thường)")
B6: 2 | C6: 3 | D6: 1.5 | E6: 2.25 | F6: 15.8 | G6: =MIN(E6,1.0)*F6+MAX(E6-1.0,0)*(F6-9.81) | H6: =57.0 * 21.0 / (21.0 + E6) | I6: =G6+H6 | J6: =IF(G6<Du_Lieu_Goc_PTN!$E$12, "OC (Quá cố kết)", "NC (Cố kết thường)")
B7: 3 | C7: 4.5 | D7: 1.5 | E7: 3.75 | F7: 15.8 | G7: =MIN(E7,1.0)*F7+MAX(E7-1.0,0)*(F7-9.81) | H7: =57.0 * 21.0 / (21.0 + E7) | I7: =G7+H7 | J7: =IF(G7<Du_Lieu_Goc_PTN!$E$12, "OC (Quá cố kết)", "NC (Cố kết thường)")
B8: 4 | C8: 6 | D8: 1.5 | E8: 5.25 | F8: 15.8 | G8: =MIN(E8,1.0)*F8+MAX(E8-1.0,0)*(F8-9.81) | H8: =57.0 * 21.0 / (21.0 + E8) | I8: =G8+H8 | J8: =IF(G8<Du_Lieu_Goc_PTN!$E$12, "OC (Quá cố kết)", "NC (Cố kết thường)")
B9: 5 | C9: 7.5 | D9: 1.5 | E9: 6.75 | F9: 15.8 | G9: =MIN(E9,1.0)*F9+MAX(E9-1.0,0)*(F9-9.81) | H9: =57.0 * 21.0 / (21.0 + E9) | I9: =G9+H9 | J9: =IF(G9<Du_Lieu_Goc_PTN!$E$12, "OC (Quá cố kết)", "NC (Cố kết thường)")
B10: 6 | C10: 9 | D10: 1.5 | E10: 8.25 | F10: 15.8 | G10: =MIN(E10,1.0)*F10+MAX(E10-1.0,0)*(F10-9.81) | H10: =57.0 * 21.0 / (21.0 + E10) | I10: =G10+H10 | J10: =IF(G10<Du_Lieu_Goc_PTN!$E$12, "OC (Quá cố kết)", "NC (Cố kết thường)")
B11: 7 | C11: 10.5 | D11: 1.5 | E11: 9.75 | F11: 15.8 | G11: =MIN(E11,1.0)*F11+MAX(E11-1.0,0)*(F11-9.81) | H11: =57.0 * 21.0 / (21.0 + E11) | I11: =G11+H11 | J11: =IF(G11<Du_Lieu_Goc_PTN!$E$12, "OC (Quá cố kết)", "NC (Cố kết thường)")
B12: 8 | C12: 12 | D12: 1.5 | E12: 11.25 | F12: 15.8 | G12: =MIN(E12,1.0)*F12+MAX(E12-1.0,0)*(F12-9.81) | H12: =57.0 * 21.0 / (21.0 + E12) | I12: =G12+H12 | J12: =IF(G12<Du_Lieu_Goc_PTN!$E$12, "OC (Quá cố kết)", "NC (Cố kết thường)")
B13: 9 | C13: 13.5 | D13: 1.5 | E13: 12.75 | F13: 15.8 | G13: =MIN(E13,1.0)*F13+MAX(E13-1.0,0)*(F13-9.81) | H13: =57.0 * 21.0 / (21.0 + E13) | I13: =G13+H13 | J13: =IF(G13<Du_Lieu_Goc_PTN!$E$12, "OC (Quá cố kết)", "NC (Cố kết thường)")
B14: 10 | C14: 15 | D14: 1.5 | E14: 14.25 | F14: 15.8 | G14: =MIN(E14,1.0)*F14+MAX(E14-1.0,0)*(F14-9.81) | H14: =57.0 * 21.0 / (21.0 + E14) | I14: =G14+H14 | J14: =IF(G14<Du_Lieu_Goc_PTN!$E$12, "OC (Quá cố kết)", "NC (Cố kết thường)")
B16: Ghi chú: σ′v0 = γ·min(z; 1,0) + (γ − 9,81)·max(z − 1,0; 0) vì MNN sâu 1,0 m. Δσ tính gần đúng bằng góc truyền 2:1 trên đáy nền đắp b = 21 m; nhóm thay bằng nghiệm tải hình thang (Osterberg) khi làm chuyên đề.

Sheet Tinh_Lun_Cc_Cr_TCVN
B2: SO SÁNH KẾT QUẢ TÍNH LÚN THEO Cc, Cr (XÉT OCR) VÀ TCVN 9362:2012
B4: Lớp | C4: hi (m) | D4: sigma'v0i (kPa) | E4: delta_sigma (kPa) | F4: sigma'vi_tong (kPa) | G4: Lun Sc theo Cc, Cr (cm) | H4: Lun S theo TCVN 9362 (cm) | I4: Chênh lệch (cm)
B5: 1 | C5: =Phan_Bo_Ung_Suat!D5 | D5: =Phan_Bo_Ung_Suat!G5 | E5: =Phan_Bo_Ung_Suat!H5 | F5: =Phan_Bo_Ung_Suat!I5 | G5: =IF(D5>=Du_Lieu_Goc_PTN!$E$12, (Du_Lieu_Goc_PTN!$E$13/(1+Du_Lieu_Goc_PTN!$E$11))*C5*LOG10(F5/D5)*100, IF(F5<=Du_Lieu_Goc_PTN!$E$12, (Du_Lieu_Goc_PTN!$E$14/(1+Du_Lieu_Goc_PTN!$E$11))*C5*LOG10(F5/D5)*100, ((Du_Lieu_Goc_PTN!$E$14/(1+Du_Lieu_Goc_PTN!$E$11))*C5*LOG10(Du_Lieu_Goc_PTN!$E$12/D5) + (Du_Lieu_Goc_PTN!$E$13/(1+Du_Lieu_Goc_PTN!$E$11))*C5*LOG10(F5/Du_Lieu_Goc_PTN!$E$12))*100)) | H5: =0.8 * E5 * C5 / (Du_Lieu_Goc_PTN!$E$18 * 1000) * 100 | I5: =G5-H5
B6: 2 | C6: =Phan_Bo_Ung_Suat!D6 | D6: =Phan_Bo_Ung_Suat!G6 | E6: =Phan_Bo_Ung_Suat!H6 | F6: =Phan_Bo_Ung_Suat!I6 | G6: =IF(D6>=Du_Lieu_Goc_PTN!$E$12, (Du_Lieu_Goc_PTN!$E$13/(1+Du_Lieu_Goc_PTN!$E$11))*C6*LOG10(F6/D6)*100, IF(F6<=Du_Lieu_Goc_PTN!$E$12, (Du_Lieu_Goc_PTN!$E$14/(1+Du_Lieu_Goc_PTN!$E$11))*C6*LOG10(F6/D6)*100, ((Du_Lieu_Goc_PTN!$E$14/(1+Du_Lieu_Goc_PTN!$E$11))*C6*LOG10(Du_Lieu_Goc_PTN!$E$12/D6) + (Du_Lieu_Goc_PTN!$E$13/(1+Du_Lieu_Goc_PTN!$E$11))*C6*LOG10(F6/Du_Lieu_Goc_PTN!$E$12))*100)) | H6: =0.8 * E6 * C6 / (Du_Lieu_Goc_PTN!$E$18 * 1000) * 100 | I6: =G6-H6
B7: 3 | C7: =Phan_Bo_Ung_Suat!D7 | D7: =Phan_Bo_Ung_Suat!G7 | E7: =Phan_Bo_Ung_Suat!H7 | F7: =Phan_Bo_Ung_Suat!I7 | G7: =IF(D7>=Du_Lieu_Goc_PTN!$E$12, (Du_Lieu_Goc_PTN!$E$13/(1+Du_Lieu_Goc_PTN!$E$11))*C7*LOG10(F7/D7)*100, IF(F7<=Du_Lieu_Goc_PTN!$E$12, (Du_Lieu_Goc_PTN!$E$14/(1+Du_Lieu_Goc_PTN!$E$11))*C7*LOG10(F7/D7)*100, ((Du_Lieu_Goc_PTN!$E$14/(1+Du_Lieu_Goc_PTN!$E$11))*C7*LOG10(Du_Lieu_Goc_PTN!$E$12/D7) + (Du_Lieu_Goc_PTN!$E$13/(1+Du_Lieu_Goc_PTN!$E$11))*C7*LOG10(F7/Du_Lieu_Goc_PTN!$E$12))*100)) | H7: =0.8 * E7 * C7 / (Du_Lieu_Goc_PTN!$E$18 * 1000) * 100 | I7: =G7-H7
B8: 4 | C8: =Phan_Bo_Ung_Suat!D8 | D8: =Phan_Bo_Ung_Suat!G8 | E8: =Phan_Bo_Ung_Suat!H8 | F8: =Phan_Bo_Ung_Suat!I8 | G8: =IF(D8>=Du_Lieu_Goc_PTN!$E$12, (Du_Lieu_Goc_PTN!$E$13/(1+Du_Lieu_Goc_PTN!$E$11))*C8*LOG10(F8/D8)*100, IF(F8<=Du_Lieu_Goc_PTN!$E$12, (Du_Lieu_Goc_PTN!$E$14/(1+Du_Lieu_Goc_PTN!$E$11))*C8*LOG10(F8/D8)*100, ((Du_Lieu_Goc_PTN!$E$14/(1+Du_Lieu_Goc_PTN!$E$11))*C8*LOG10(Du_Lieu_Goc_PTN!$E$12/D8) + (Du_Lieu_Goc_PTN!$E$13/(1+Du_Lieu_Goc_PTN!$E$11))*C8*LOG10(F8/Du_Lieu_Goc_PTN!$E$12))*100)) | H8: =0.8 * E8 * C8 / (Du_Lieu_Goc_PTN!$E$18 * 1000) * 100 | I8: =G8-H8
B9: 5 | C9: =Phan_Bo_Ung_Suat!D9 | D9: =Phan_Bo_Ung_Suat!G9 | E9: =Phan_Bo_Ung_Suat!H9 | F9: =Phan_Bo_Ung_Suat!I9 | G9: =IF(D9>=Du_Lieu_Goc_PTN!$E$12, (Du_Lieu_Goc_PTN!$E$13/(1+Du_Lieu_Goc_PTN!$E$11))*C9*LOG10(F9/D9)*100, IF(F9<=Du_Lieu_Goc_PTN!$E$12, (Du_Lieu_Goc_PTN!$E$14/(1+Du_Lieu_Goc_PTN!$E$11))*C9*LOG10(F9/D9)*100, ((Du_Lieu_Goc_PTN!$E$14/(1+Du_Lieu_Goc_PTN!$E$11))*C9*LOG10(Du_Lieu_Goc_PTN!$E$12/D9) + (Du_Lieu_Goc_PTN!$E$13/(1+Du_Lieu_Goc_PTN!$E$11))*C9*LOG10(F9/Du_Lieu_Goc_PTN!$E$12))*100)) | H9: =0.8 * E9 * C9 / (Du_Lieu_Goc_PTN!$E$18 * 1000) * 100 | I9: =G9-H9
B10: 6 | C10: =Phan_Bo_Ung_Suat!D10 | D10: =Phan_Bo_Ung_Suat!G10 | E10: =Phan_Bo_Ung_Suat!H10 | F10: =Phan_Bo_Ung_Suat!I10 | G10: =IF(D10>=Du_Lieu_Goc_PTN!$E$12, (Du_Lieu_Goc_PTN!$E$13/(1+Du_Lieu_Goc_PTN!$E$11))*C10*LOG10(F10/D10)*100, IF(F10<=Du_Lieu_Goc_PTN!$E$12, (Du_Lieu_Goc_PTN!$E$14/(1+Du_Lieu_Goc_PTN!$E$11))*C10*LOG10(F10/D10)*100, ((Du_Lieu_Goc_PTN!$E$14/(1+Du_Lieu_Goc_PTN!$E$11))*C10*LOG10(Du_Lieu_Goc_PTN!$E$12/D10) + (Du_Lieu_Goc_PTN!$E$13/(1+Du_Lieu_Goc_PTN!$E$11))*C10*LOG10(F10/Du_Lieu_Goc_PTN!$E$12))*100)) | H10: =0.8 * E10 * C10 / (Du_Lieu_Goc_PTN!$E$18 * 1000) * 100 | I10: =G10-H10
B11: 7 | C11: =Phan_Bo_Ung_Suat!D11 | D11: =Phan_Bo_Ung_Suat!G11 | E11: =Phan_Bo_Ung_Suat!H11 | F11: =Phan_Bo_Ung_Suat!I11 | G11: =IF(D11>=Du_Lieu_Goc_PTN!$E$12, (Du_Lieu_Goc_PTN!$E$13/(1+Du_Lieu_Goc_PTN!$E$11))*C11*LOG10(F11/D11)*100, IF(F11<=Du_Lieu_Goc_PTN!$E$12, (Du_Lieu_Goc_PTN!$E$14/(1+Du_Lieu_Goc_PTN!$E$11))*C11*LOG10(F11/D11)*100, ((Du_Lieu_Goc_PTN!$E$14/(1+Du_Lieu_Goc_PTN!$E$11))*C11*LOG10(Du_Lieu_Goc_PTN!$E$12/D11) + (Du_Lieu_Goc_PTN!$E$13/(1+Du_Lieu_Goc_PTN!$E$11))*C11*LOG10(F11/Du_Lieu_Goc_PTN!$E$12))*100)) | H11: =0.8 * E11 * C11 / (Du_Lieu_Goc_PTN!$E$18 * 1000) * 100 | I11: =G11-H11
B12: 8 | C12: =Phan_Bo_Ung_Suat!D12 | D12: =Phan_Bo_Ung_Suat!G12 | E12: =Phan_Bo_Ung_Suat!H12 | F12: =Phan_Bo_Ung_Suat!I12 | G12: =IF(D12>=Du_Lieu_Goc_PTN!$E$12, (Du_Lieu_Goc_PTN!$E$13/(1+Du_Lieu_Goc_PTN!$E$11))*C12*LOG10(F12/D12)*100, IF(F12<=Du_Lieu_Goc_PTN!$E$12, (Du_Lieu_Goc_PTN!$E$14/(1+Du_Lieu_Goc_PTN!$E$11))*C12*LOG10(F12/D12)*100, ((Du_Lieu_Goc_PTN!$E$14/(1+Du_Lieu_Goc_PTN!$E$11))*C12*LOG10(Du_Lieu_Goc_PTN!$E$12/D12) + (Du_Lieu_Goc_PTN!$E$13/(1+Du_Lieu_Goc_PTN!$E$11))*C12*LOG10(F12/Du_Lieu_Goc_PTN!$E$12))*100)) | H12: =0.8 * E12 * C12 / (Du_Lieu_Goc_PTN!$E$18 * 1000) * 100 | I12: =G12-H12
B13: 9 | C13: =Phan_Bo_Ung_Suat!D13 | D13: =Phan_Bo_Ung_Suat!G13 | E13: =Phan_Bo_Ung_Suat!H13 | F13: =Phan_Bo_Ung_Suat!I13 | G13: =IF(D13>=Du_Lieu_Goc_PTN!$E$12, (Du_Lieu_Goc_PTN!$E$13/(1+Du_Lieu_Goc_PTN!$E$11))*C13*LOG10(F13/D13)*100, IF(F13<=Du_Lieu_Goc_PTN!$E$12, (Du_Lieu_Goc_PTN!$E$14/(1+Du_Lieu_Goc_PTN!$E$11))*C13*LOG10(F13/D13)*100, ((Du_Lieu_Goc_PTN!$E$14/(1+Du_Lieu_Goc_PTN!$E$11))*C13*LOG10(Du_Lieu_Goc_PTN!$E$12/D13) + (Du_Lieu_Goc_PTN!$E$13/(1+Du_Lieu_Goc_PTN!$E$11))*C13*LOG10(F13/Du_Lieu_Goc_PTN!$E$12))*100)) | H13: =0.8 * E13 * C13 / (Du_Lieu_Goc_PTN!$E$18 * 1000) * 100 | I13: =G13-H13
B14: 10 | C14: =Phan_Bo_Ung_Suat!D14 | D14: =Phan_Bo_Ung_Suat!G14 | E14: =Phan_Bo_Ung_Suat!H14 | F14: =Phan_Bo_Ung_Suat!I14 | G14: =IF(D14>=Du_Lieu_Goc_PTN!$E$12, (Du_Lieu_Goc_PTN!$E$13/(1+Du_Lieu_Goc_PTN!$E$11))*C14*LOG10(F14/D14)*100, IF(F14<=Du_Lieu_Goc_PTN!$E$12, (Du_Lieu_Goc_PTN!$E$14/(1+Du_Lieu_Goc_PTN!$E$11))*C14*LOG10(F14/D14)*100, ((Du_Lieu_Goc_PTN!$E$14/(1+Du_Lieu_Goc_PTN!$E$11))*C14*LOG10(Du_Lieu_Goc_PTN!$E$12/D14) + (Du_Lieu_Goc_PTN!$E$13/(1+Du_Lieu_Goc_PTN!$E$11))*C14*LOG10(F14/Du_Lieu_Goc_PTN!$E$12))*100)) | H14: =0.8 * E14 * C14 / (Du_Lieu_Goc_PTN!$E$18 * 1000) * 100 | I14: =G14-H14
B15: TỔNG CỘNG | C15: =SUM(C5:C14) | G15: =SUM(G5:G14) | H15: =SUM(H5:H14) | I15: =G15-H15

Sheet Tien_Trinh_Lun_PVD
B2: DỰ BÁO TIẾN TRÌNH LÚN TỰ NHIÊN (TERZAGHI) VÀ HIỆU QUẢ GIA TỐC BẰNG BẤC THẤM PVD
B4: Thời gian t (tháng) | C4: Thời gian t (năm) | D4: Tv tự nhiên | E4: Uv tự nhiên (%) | F4: Độ lún tự nhiên (cm) | G4: Th (PVD) | H4: Uh (PVD) (%) | I4: U_tong PVD (%) | J4: Độ lún có PVD (cm)
B5: 1 | C5: =B5/12 | D5: =Du_Lieu_Goc_PTN!$E$16 * C5 / (7.5^2) | E5: =IF(D5<=0.282, 2*SQRT(D5/PI()), 1 - (8/(PI()^2))*EXP(-(PI()^2)/4 * D5)) | F5: =E5 * Tinh_Lun_Cc_Cr_TCVN!$G$15 | G5: =Du_Lieu_Goc_PTN!$E$17 * C5 / (1.26^2) | H5: =1 - EXP(-8 * G5 / 2.89) | I5: =1 - (1 - E5) * (1 - H5) | J5: =I5 * Tinh_Lun_Cc_Cr_TCVN!$G$15
B6: 2 | C6: =B6/12 | D6: =Du_Lieu_Goc_PTN!$E$16 * C6 / (7.5^2) | E6: =IF(D6<=0.282, 2*SQRT(D6/PI()), 1 - (8/(PI()^2))*EXP(-(PI()^2)/4 * D6)) | F6: =E6 * Tinh_Lun_Cc_Cr_TCVN!$G$15 | G6: =Du_Lieu_Goc_PTN!$E$17 * C6 / (1.26^2) | H6: =1 - EXP(-8 * G6 / 2.89) | I6: =1 - (1 - E6) * (1 - H6) | J6: =I6 * Tinh_Lun_Cc_Cr_TCVN!$G$15
B7: 3 | C7: =B7/12 | D7: =Du_Lieu_Goc_PTN!$E$16 * C7 / (7.5^2) | E7: =IF(D7<=0.282, 2*SQRT(D7/PI()), 1 - (8/(PI()^2))*EXP(-(PI()^2)/4 * D7)) | F7: =E7 * Tinh_Lun_Cc_Cr_TCVN!$G$15 | G7: =Du_Lieu_Goc_PTN!$E$17 * C7 / (1.26^2) | H7: =1 - EXP(-8 * G7 / 2.89) | I7: =1 - (1 - E7) * (1 - H7) | J7: =I7 * Tinh_Lun_Cc_Cr_TCVN!$G$15
B8: 4 | C8: =B8/12 | D8: =Du_Lieu_Goc_PTN!$E$16 * C8 / (7.5^2) | E8: =IF(D8<=0.282, 2*SQRT(D8/PI()), 1 - (8/(PI()^2))*EXP(-(PI()^2)/4 * D8)) | F8: =E8 * Tinh_Lun_Cc_Cr_TCVN!$G$15 | G8: =Du_Lieu_Goc_PTN!$E$17 * C8 / (1.26^2) | H8: =1 - EXP(-8 * G8 / 2.89) | I8: =1 - (1 - E8) * (1 - H8) | J8: =I8 * Tinh_Lun_Cc_Cr_TCVN!$G$15
B9: 6 | C9: =B9/12 | D9: =Du_Lieu_Goc_PTN!$E$16 * C9 / (7.5^2) | E9: =IF(D9<=0.282, 2*SQRT(D9/PI()), 1 - (8/(PI()^2))*EXP(-(PI()^2)/4 * D9)) | F9: =E9 * Tinh_Lun_Cc_Cr_TCVN!$G$15 | G9: =Du_Lieu_Goc_PTN!$E$17 * C9 / (1.26^2) | H9: =1 - EXP(-8 * G9 / 2.89) | I9: =1 - (1 - E9) * (1 - H9) | J9: =I9 * Tinh_Lun_Cc_Cr_TCVN!$G$15
B10: 8 | C10: =B10/12 | D10: =Du_Lieu_Goc_PTN!$E$16 * C10 / (7.5^2) | E10: =IF(D10<=0.282, 2*SQRT(D10/PI()), 1 - (8/(PI()^2))*EXP(-(PI()^2)/4 * D10)) | F10: =E10 * Tinh_Lun_Cc_Cr_TCVN!$G$15 | G10: =Du_Lieu_Goc_PTN!$E$17 * C10 / (1.26^2) | H10: =1 - EXP(-8 * G10 / 2.89) | I10: =1 - (1 - E10) * (1 - H10) | J10: =I10 * Tinh_Lun_Cc_Cr_TCVN!$G$15
B11: 10 | C11: =B11/12 | D11: =Du_Lieu_Goc_PTN!$E$16 * C11 / (7.5^2) | E11: =IF(D11<=0.282, 2*SQRT(D11/PI()), 1 - (8/(PI()^2))*EXP(-(PI()^2)/4 * D11)) | F11: =E11 * Tinh_Lun_Cc_Cr_TCVN!$G$15 | G11: =Du_Lieu_Goc_PTN!$E$17 * C11 / (1.26^2) | H11: =1 - EXP(-8 * G11 / 2.89) | I11: =1 - (1 - E11) * (1 - H11) | J11: =I11 * Tinh_Lun_Cc_Cr_TCVN!$G$15
B12: 12 | C12: =B12/12 | D12: =Du_Lieu_Goc_PTN!$E$16 * C12 / (7.5^2) | E12: =IF(D12<=0.282, 2*SQRT(D12/PI()), 1 - (8/(PI()^2))*EXP(-(PI()^2)/4 * D12)) | F12: =E12 * Tinh_Lun_Cc_Cr_TCVN!$G$15 | G12: =Du_Lieu_Goc_PTN!$E$17 * C12 / (1.26^2) | H12: =1 - EXP(-8 * G12 / 2.89) | I12: =1 - (1 - E12) * (1 - H12) | J12: =I12 * Tinh_Lun_Cc_Cr_TCVN!$G$15
B13: 18 | C13: =B13/12 | D13: =Du_Lieu_Goc_PTN!$E$16 * C13 / (7.5^2) | E13: =IF(D13<=0.282, 2*SQRT(D13/PI()), 1 - (8/(PI()^2))*EXP(-(PI()^2)/4 * D13)) | F13: =E13 * Tinh_Lun_Cc_Cr_TCVN!$G$15 | G13: =Du_Lieu_Goc_PTN!$E$17 * C13 / (1.26^2) | H13: =1 - EXP(-8 * G13 / 2.89) | I13: =1 - (1 - E13) * (1 - H13) | J13: =I13 * Tinh_Lun_Cc_Cr_TCVN!$G$15
B14: 24 | C14: =B14/12 | D14: =Du_Lieu_Goc_PTN!$E$16 * C14 / (7.5^2) | E14: =IF(D14<=0.282, 2*SQRT(D14/PI()), 1 - (8/(PI()^2))*EXP(-(PI()^2)/4 * D14)) | F14: =E14 * Tinh_Lun_Cc_Cr_TCVN!$G$15 | G14: =Du_Lieu_Goc_PTN!$E$17 * C14 / (1.26^2) | H14: =1 - EXP(-8 * G14 / 2.89) | I14: =1 - (1 - E14) * (1 - H14) | J14: =I14 * Tinh_Lun_Cc_Cr_TCVN!$G$15
B15: 36 | C15: =B15/12 | D15: =Du_Lieu_Goc_PTN!$E$16 * C15 / (7.5^2) | E15: =IF(D15<=0.282, 2*SQRT(D15/PI()), 1 - (8/(PI()^2))*EXP(-(PI()^2)/4 * D15)) | F15: =E15 * Tinh_Lun_Cc_Cr_TCVN!$G$15 | G15: =Du_Lieu_Goc_PTN!$E$17 * C15 / (1.26^2) | H15: =1 - EXP(-8 * G15 / 2.89) | I15: =1 - (1 - E15) * (1 - H15) | J15: =I15 * Tinh_Lun_Cc_Cr_TCVN!$G$15
B16: 60 | C16: =B16/12 | D16: =Du_Lieu_Goc_PTN!$E$16 * C16 / (7.5^2) | E16: =IF(D16<=0.282, 2*SQRT(D16/PI()), 1 - (8/(PI()^2))*EXP(-(PI()^2)/4 * D16)) | F16: =E16 * Tinh_Lun_Cc_Cr_TCVN!$G$15 | G16: =Du_Lieu_Goc_PTN!$E$17 * C16 / (1.26^2) | H16: =1 - EXP(-8 * G16 / 2.89) | I16: =1 - (1 - E16) * (1 - H16) | J16: =I16 * Tinh_Lun_Cc_Cr_TCVN!$G$15
B17: 120 | C17: =B17/12 | D17: =Du_Lieu_Goc_PTN!$E$16 * C17 / (7.5^2) | E17: =IF(D17<=0.282, 2*SQRT(D17/PI()), 1 - (8/(PI()^2))*EXP(-(PI()^2)/4 * D17)) | F17: =E17 * Tinh_Lun_Cc_Cr_TCVN!$G$15 | G17: =Du_Lieu_Goc_PTN!$E$17 * C17 / (1.26^2) | H17: =1 - EXP(-8 * G17 / 2.89) | I17: =1 - (1 - E17) * (1 - H17) | J17: =I17 * Tinh_Lun_Cc_Cr_TCVN!$G$15
